{"cameraMode":{"drawMode":0,"name":"Shaded","section":"Shading Mode"},"sceneLighting":true,"audioPlay":false,"sceneViewState":{"m_AlwaysRefresh":false,"showFog":false,"showSkybox":false,"showFlares":false,"showImageEffects":false,"showParticleSystems":false,"showVisualEffectGraphs":true,"m_FxEnabled":true},"in2DMode":false,"pivot":{"x":-0.5626819133758545,"y":-21.649675369262697,"z":25.27077865600586},"rotation":{"x":-0.3525010049343109,"y":-0.017687657848000528,"z":0.006664051208645105,"w":-0.9356192946434021},"size":30.908042907714845,"orthographic":false}