{"cameraMode":{"drawMode":0,"name":"Shaded","section":"Shading Mode"},"sceneLighting":true,"audioPlay":false,"sceneViewState":{"showFog":false,"showMaterialUpdate":false,"showSkybox":false,"showFlares":false,"showImageEffects":false,"showParticleSystems":false},"in2DMode":false,"pivot":{"x":1.5333504676818848,"y":-0.08607959747314453,"z":5.102521896362305},"rotation":{"x":-0.2957131266593933,"y":-0.02521800808608532,"z":0.007809395901858807,"w":-0.9549130797386169},"size":21.052656173706056,"orthographic":false}